round,slice,frame,object_ref,cell,what,why,severity,owner,rule_id,evidence,action,rules_version,note
calib,C0,adasind_019560.jpg,L1+R3,na,WRONG_CLASS,,,,,,,,
calib,C0,adasind_019560.jpg,L3,na,SPURIOUS,,,,,,,,
calib,C0,adasind_019560.jpg,L5,na,SPURIOUS,,,,,,,,
calib,C0,adasind_019560.jpg,L2,na,SPURIOUS,,,,,,,,
calib,C0,adasind_019560.jpg,L4,na,SPURIOUS,,,,,,,,
r1_craft,B1-edge,adasind_014670.jpg,L6+R1,na,ATTRIBUTE,,,,,,,,
r1_craft,B1-edge,adasind_014670.jpg,L2+R5,na,WRONG_CLASS,,,,,,,,
r1_craft,B1-edge,adasind_014670.jpg,L3,na,SPURIOUS,,,,,,,,
r1_craft,B1-edge,adasind_034080.jpg,L3+R1,na,ATTRIBUTE,,,,,,,,
r1_craft,B1-edge,adasind_034080.jpg,L6,na,SPURIOUS,,,,,,,,
r1_craft,B1-edge,adasind_034080.jpg,L7+R2,na,BOX_GEOMETRY,,,,,,,,
r1_craft,B1-edge,adasind_034080.jpg,R9,na,MISSING,,,,,,,,
r2_qa,B1-edge,adasind_001320.jpg,L1,L_only,SPURIOUS,,P2,annotator,R03,L1+R4+M1 agree on Pedestrian; overlap with ThreeWheeler L4 alone does not prove the box is an occupant.,keep_with_reason,,Response: keep L1; three sources support the separate Pedestrian. Recheck the full-resolution crop if the person/vehicle relation remains unclear.
r2_qa,B1-edge,adasind_014670.jpg,L6,L_only,ATTRIBUTE,,P2,annotator,R05,L6 Car reaches x=1080 and the local comparison reports an attribute mismatch.,rework,,Response: accept QA; set truncated=true because the visible car is cut by the right image boundary.
r2_qa,B1-edge,adasind_034080.jpg,L4+L5,L_only,DUPLICATE,,P2,annotator,R03,L4 pairs with R8 and L5 pairs with R5; the comparison supports two separate Bike objects.,keep_with_reason,,Response: keep both boxes; each matches a different reference object. Overlap alone is not evidence of duplication.
r3_diag,B1-edge,adasind_014670.jpg,L2+M3,LM_noR,SPURIOUS,E5_unresolved,P1,qa,,L and M report a Bus while the local comparison pairs L2 with R5 Truck at IoU 0.712.,escalate,,Next check: inspect the same vehicle crop and apply R04 to resolve Bus versus Truck; do not treat the reference class as automatically correct.
r3_diag,B1-edge,adasind_014670.jpg,L3,L_only,SPURIOUS,E5_unresolved,P1,qa,,L3 has no matching R or M box; the object is near the 40 px height cutoff.,escalate,,Next check: inspect the full-resolution crop to confirm the object and its height before retaining or removing the annotation.
r3_diag,B1-edge,adasind_014670.jpg,R5,R_only,MISSING,E5_unresolved,P1,qa,,R5 has no same-class L match; local comparison instead pairs L2 Bus with R5 Truck.,escalate,,Next check: resolve the Bus/Truck class on the original crop under R04; revise the label or reference only after visual confirmation.
r3_diag,B1-edge,adasind_034080.jpg,L6,L_only,SPURIOUS,E5_unresolved,P1,qa,,L6 has no matching R or M box.,escalate,,Next check: inspect the original crop and adjacent frames to confirm this ThreeWheeler is real before changing the label.
r3_diag,B1-edge,adasind_034080.jpg,L7+M3,LM_noR,SPURIOUS,E5_unresolved,P1,qa,,L7 and M3 report a Car without a matching R; the L/R report separately flags L7+R2 as BOX_GEOMETRY.,escalate,,Next check: inspect the L7/R2 boxes together and compare their coordinates/IoU to determine whether this is box geometry or a separate object.
r3_diag,B1-edge,adasind_034080.jpg,R2,R_only,MISSING,E5_unresolved,P1,qa,,R2 has no matching L box; L7 is separately flagged for geometry.,escalate,,Next check: inspect the original frame and overlay to determine whether R2 is a missed Car or the reference box is misplaced.
r3_diag,B1-edge,adasind_034080.jpg,R9,R_only,MISSING,E5_unresolved,P1,qa,,R9 is a reference-only ThreeWheeler.,escalate,,Next check: locate R9 in the original frame and verify visibility/height against R01 before adding a box.
r3_diag,B1-edge,adasind_001320.jpg,L4+R3,LR_noM,MISSING,E5_unresolved,P2,ai_team,,L and R match; M has no corresponding box.,escalate,,Next check: inspect the crop and model confidence; compare more fisheye frames and a perspective baseline before attributing the miss to domain shift.
r3_diag,B1-edge,adasind_001320.jpg,L5+R6,LR_noM,MISSING,E5_unresolved,P2,ai_team,,L and R match; M has no corresponding box at the edge.,escalate,,Next check: verify the visible extent and confidence threshold on this edge object then compare additional fisheye frames.
r3_diag,B1-edge,adasind_001320.jpg,L2+R5,LR_noM,MISSING,E5_unresolved,P2,ai_team,,L and R match; M has no corresponding box.,escalate,,Next check: inspect the crop and confidence threshold then measure recall over more frames before identifying a model-domain cause.
r3_diag,B1-edge,adasind_001320.jpg,M3,M_only,SPURIOUS,E5_unresolved,P2,ai_team,,Only the model reports M3; neither L nor R has a match.,escalate,,Next check: inspect the original crop and adjacent frames to decide whether this is a false detection or an unlabeled target.
r3_diag,B1-edge,adasind_001320.jpg,M5,M_only,SPURIOUS,E5_unresolved,P2,ai_team,,Only the model reports M5; neither L nor R has a match.,escalate,,Next check: inspect the original crop and adjacent frames to decide whether this is a false detection or an unlabeled target.
r3_diag,B1-edge,adasind_001320.jpg,M6,M_only,SPURIOUS,E5_unresolved,P2,ai_team,,Only the model reports M6 at the edge; neither L nor R has a match.,escalate,,Next check: inspect the full-resolution edge crop for a valid object before counting this as a false positive.
r3_diag,B1-edge,adasind_014670.jpg,L1+R3,LR_noM,MISSING,E5_unresolved,P2,ai_team,,L and R match; M has no corresponding box.,escalate,,Next check: inspect model confidence on this object and compare recall across additional fisheye frames.
r3_diag,B1-edge,adasind_014670.jpg,M6,M_only,SPURIOUS,E5_unresolved,P2,ai_team,,Only the model reports M6; neither L nor R has a match.,escalate,,Next check: inspect the original crop and adjacent frames to distinguish false detection from an unlabeled target.
r3_diag,B1-edge,adasind_014670.jpg,M7,M_only,SPURIOUS,E5_unresolved,P2,ai_team,,Only the model reports M7; neither L nor R has a match.,escalate,,Next check: inspect the original crop and adjacent frames to distinguish false detection from an unlabeled target.
r3_diag,B1-edge,adasind_034080.jpg,L5+R5,LR_noM,MISSING,E5_unresolved,P2,ai_team,,L and R match; M has no corresponding box.,escalate,,Next check: verify the object in the original frame and inspect confidence/recall on further fisheye examples.
r3_diag,B1-edge,adasind_034080.jpg,L8+R7,LR_noM,MISSING,E5_unresolved,P2,ai_team,,L and R match; M has no corresponding box.,escalate,,Next check: inspect confidence and compare model recall on similar ThreeWheeler examples across more frames.
r3_diag,B1-edge,adasind_034080.jpg,L4+R8,LR_noM,MISSING,E5_unresolved,P2,ai_team,,L and R match on this Bike; M has no corresponding box.,escalate,,Next check: inspect the rider/vehicle crop and compare model recall on similar small or overlapping Bikes.
r3_diag,B1-edge,adasind_034080.jpg,M7,M_only,SPURIOUS,E5_unresolved,P2,ai_team,,Only the model reports M7; neither L nor R has a match.,escalate,,Next check: inspect the original crop and adjacent frames to decide whether it is a false detection or an unlabeled target.
r3_diag,B1-edge,adasind_034080.jpg,M8,M_only,SPURIOUS,E5_unresolved,P2,ai_team,,Only the model reports M8; neither L nor R has a match.,escalate,,Next check: inspect the original crop and adjacent frames to decide whether it is a false detection or an unlabeled target.
r3_diag,B1-edge,adasind_034080.jpg,M9,M_only,SPURIOUS,E5_unresolved,P2,ai_team,,Only the model reports M9; neither L nor R has a match.,escalate,,Next check: inspect the original crop and adjacent frames to decide whether it is a false detection or an unlabeled target.
r3_diag,B1-edge,adasind_034080.jpg,M10,M_only,SPURIOUS,E5_unresolved,P2,ai_team,,Only the model reports M10; neither L nor R has a match.,escalate,,Next check: inspect the original crop and adjacent frames before classifying this as a model false positive.
r3_diag,B1-edge,adasind_034080.jpg,M11,M_only,SPURIOUS,E5_unresolved,P2,ai_team,,Only the model reports M11; neither L nor R has a match.,escalate,,Next check: inspect the original crop and adjacent frames before classifying this as a model false positive.
r3_diag,B1-edge,adasind_034080.jpg,M12,M_only,SPURIOUS,E5_unresolved,P2,ai_team,,Only the model reports M12; neither L nor R has a match.,escalate,,Next check: inspect the original crop and adjacent frames before classifying this as a model false positive.
